location	lat	long
Sainte-Anne, Qubec, Canada	46.199520000000064	-77.68889999999999
Yakusugi Museum - 2739-343, Ambo, Yakushima-cho, Kumage-gun, Kagoshima Prefecture, Japan	30.30811200000001	130.631076
Mount Saint Pierre's Cathedral, Alaska, USA	53.87669550000001	-166.53820725
Central Ave, Fillmore, California, USA	34.40244069830775	-118.91411803966155
Ornamental Canal, Discovery Way, Off Wapping Lane, Shadwell, London, England, UK	51.50642000000005	-0.1272099999999341
Island of Hvar, Croatia, Yugoslavia	43.14083000000005	16.728330000000028
Winchelsea, East Sussex, England, UK	50.92434000000003	0.7068300000000249
Htel Les Voyageurs, 22 rue Boulard, Paris 14, Paris, France	48.83383878573488	2.3288538985515985
PASA Park, Barry, Illinois, USA	39.695790000000045	-91.03922999999998
Frome, Somerset, England, UK	51.22861000000006	-2.3171899999999255
Blair, Nebraska, USA	41.54370000000006	-96.13524999999998
Budgens, Market Square, Newent, Gloucestershire, England, UK	51.93020000000007	-2.40495999999996
Panama Canal, Panama City, Panama	8.96661000000006	-79.53473999999994
Seattle Tacoma, Washington, USA	47.14678350000001	-122.50740375000001
Wright Dairy Farm, Richmond, British Columbia, Canada	49.16335000000004	-123.13663999999994
Fort de la Pompelle, Puisieulx, Marne, France	49.21649000000008	4.12874000000005
Henry Mayo Newhall Memorial Hospital - 23845 McBean Parkway, Valencia, California, USA	34.39716001615752	-118.55376002553521
Montecito, California, USA	34.42148000000003	-119.64819999999997
Honey Brook, Pennsylvania, USA	40.09460000000007	-75.91492999999997
Wellton, Arizona, USA	32.67272000000003	-114.14715999999999
New Perry Hotel, Perry, Georgia, USA	32.46087000000006	-83.73474999999996
Mac's Baths, Los Angeles, California, USA	34.076020062178976	-118.3837600116854
Magdalen College School, Cowley Place, Oxford, Oxfordshire, England, UK	51.74827000000005	-1.2452999999999292
Springfield Gardens, New York, USA	40.66318000000007	-73.76925999999997
Flatrock, Michigan, USA	42.09450000000004	-83.28091999999998
Lower Zambezi National Park, Zambia	-15.187829999999963	29.29415000000006
Kerhonksen, New York, USA	41.772470000000055	-74.29661999999996
Thornybush, South Africa	-23.87910999999997	29.443380000000047
Dinmore Hill, Herefordshire, England, UK	51.720331941480794	-0.5403301075726122
141 Regal Row Dallas, Texas, USA	32.812048385983594	-96.90029072930656
Awendaw Green - 4879 N Hwy 17, Awendaw, South Carolina, USA	32.931035466818734	-79.71319152169833
181 Batallon Libres de Trujillo, Lima, Peru	-12.123990741718247	-76.98425703290383
19 West Pacific Avenue Spokane, Washington, USA	47.65555448124544	-117.41228138773155
Bill Williams Bridge, Arizona, USA	35.253465120501	-112.17946858729398
W. Hastings St., Vancouver, British Columbia, Canada	49.28265478836331	-123.10975395924528
Buxton, Derbyshire, England, UK	53.26040000000006	-1.912689999999941
Crockway Farm, Dorset, England, UK	50.72359344097382	-2.717308732575402
Fistral Beach, Newquay, Cornwall, England, UK	50.418690000000026	-5.0968899999999735
San Mateo, California, USA	37.54704000000004	-122.31484999999998
Lichfield, Staffordshire, England, UK	52.68414000000007	-1.8190699999999538
The Dye Club at Barefoot Resort - 2600 Pete Dye Drive, North Myrtle Beach, South Carolina, USA	33.812230000000056	-78.74696999999998
West Babylon, Long Island, New York, USA	40.72207000000003	-73.35732999999993
The Warehouse Restaurant, 4499 Admiralty Way, Marina del Rey, California, USA	33.983610000000056	-118.44568999999996
Neringa Peninsula, Lithuania	55.67930000000007	21.115590000000054
Palau de la Generalitat, Barcelona, Catalonia, Spain	41.382819923394386	2.1767500693923556
11 York Street, Wynyard, NSW, Australia	-33.86509378930357	151.20555763672107
Hanhilampi, Porvoo, Finland	60.39664000000005	25.671580000000063
New Concert, Ohio, USA	41.3849368355712	-81.91506635843909
Fultola, Botiaghata, Khulna, Bangladesh	22.712440000000072	89.52554000000003
Gracefield, Qubec, Canada	46.09200000000004	-76.05330999999995
ABC Centre, Hobart, Tasmania, Australia	-42.8205461422288	147.29544691565636
Waizenhofen, Bavaria, Germany	49.06931000000003	11.223670000000027
The Pavilion pub, Battersea Park Road, Battersea, London, England, UK	51.47140233562665	-0.16841960783739823
Castle, Leiria, Portugal	39.74324000000007	-8.812039999999968
San Tan Valley, Arizona, USA	33.163910000000044	-111.56538999999998
59-24 56th Dr Queens, New York City, New York, USA	40.72389653231589	-73.90768383680535
Police Building Berliner Tor, Hamburg, Germany	53.555559858590584	10.02254667676179
Ballygarth Castle, Julianstown, County Meath, Ireland	53.67174000000006	-6.28476999999998
Hollywood Blvd., Hollywood, California, USA	34.101594000000006	-118.32694208335049
Plaza del Toro, Madrid, Spain	40.605804000000006	-3.716646001482509
Bando, Ibaraki, Japan	36.048376131000055	139.88863684500006
300 NE 2nd Ave, Miami, Florida, USA	25.777602943101176	-80.19039346857814
Reguliersgracht 36, Amsterdam, Noord-Holland, Netherlands	52.3636671406179	4.895722320672457
906 Loma Vista Drive, Beverly Hills, California, USA	34.09254247348383	-118.39949061391322
Retreat, Cape Flats, Cape Town, South Africa	-34.06300999999996	18.475080000000048
North Central Texas College, Gainesville, Texas, USA	33.61710007718266	-97.16362006289913
Southern Pacific Station - 3rd. Street at Townsend Street, San Francisco, California, USA	37.77885	-122.3927505
E Pico Blvd & Wall St, Los Angeles, California, USA	34.03413900000001	-118.25648999999999
7021 Hollywood Blvd., Hollywood, Los Angeles, California, USA	34.10155349047804	-118.34275436081134
Happisburgh Norfolk	52.82443000000006	1.5308900000000563
Saint-Paul-de-l'Ile-aux-Noix, Quebec, Canada	45.130220000000065	-73.27714999999995
Hamilton International Middle School - 1610 N 41st Street, Seattle, Washington, USA	47.65685002337088	-122.33801999999997
Hooksett, New Hampshire	43.097750000000076	-71.46577999999994
Soulard Farmers Market - 730 Carroll Street, St. Louis, Missouri, USA	38.610550000000046	-90.20013999999998
Merrimans' Playhouse, South Bend, Indiana, USA	41.679070000000024	-86.25404999999995
South Sulawesi, Indonesia	-4.333329999999933	120.25000000000011
Concertgebouw De Vereeniging, Nijmegen, Gelderland, Netherlands	51.841779959461164	5.861879974464844
Shattuck-St. Mary's School - 1000 Shumway Avenue, Faribault, Minnesota, USA	44.30193000000003	-93.25764001947567
Arthur Laing Bridge, Vancouver, British Columbia, Canada	49.20431584206362	-123.13120240652529
Rotana Cafe, Dublin, Ireland	53.53756000000004	-6.215529999999944
Quiraing, Isle of Skye, Scotland, UK	57.68160299999999	-6.290500499999997
Grodzka, Piotrkw Trybunalski, Ldzkie, Poland	51.408018000000006	19.696918500000002
Sterling, Illinois, USA	41.79405000000003	-89.69881999999996
Verdugo City, California, USA	34.212150000000065	-118.24108999999999
Momo Restaurant, 25-27 Heddon Street, London, England, UK	51.511250000000075	-0.13974999999993543
Rosebud, Texas, USA	31.072560000000067	-96.97836999999998
Orchard & Rivington Street, Lower East Side, Manhattan, New York City, New York, USA	40.72030200000001	-73.989117
Kao Museum - 2-1-3, Bunka, Sumida-ku, Tokyo, Japan	35.705988000000005	139.82550300000003
Vicente Lpez, Buenos Aires, Federal District, Argentina	-34.591721465529524	-58.38994494494556
Terminal Rodoviria Novo Rio, Avenida Francisco Bicalho, Santo Cristo, Rio de Janeiro, Rio de Janeiro, Brazil	-22.90075944258826	-43.21053459678343
Lake Washington, Washington, USA	47.61957000000007	-122.24543999999997
Kirkwood, Missouri, USA	38.58066000000008	-90.40637999999996
1201 W Amelia Street, Orlando, Florida, USA	28.549370522649696	-81.39570049570084
Embalse de Bolarque, Guadalajara, Castilla-La Mancha, Spain	40.56923535042338	-3.2601099838507914
Sochi, Russia	43.61715000000004	39.724500000000035
Mont Tremblant, Quebec, Canada	46.11833000000007	-74.60167999999999
Spngen, Ljungbyhed, Skne ln, Sweden	56.08287000000001	13.270799249999994
Abbotsbury Close, Newham, East London, UK	51.5322627860074	-0.006107637912889019
Airstrip, Breakish, Skye, Highland, Scotland, UK	57.50000000000006	-4.999999999999943
Bank of Colorado Arena, Greeley, Colorado, USA	40.40773994503448	-104.77135002337079
Llewellyn Steet, Neath Port Talbot, Wales, UK	51.59931415747806	-3.7897116799093586
High Island, Great Barrier Reef, Queensland, Australia	-17.98721999999998	146.76979000000006
Carindale, Queensland, Australia	NaN	NaN
Sunnyside Cemetery - 1095 E. Willow Street, Long Beach, California, USA	33.8044558042589	-118.17867079069417
Justus-Liebig-Universitt, Gieen, Hessen, Germany	50.58074994113934	8.676750011685487
Dresden, Saxony, Germany	51.053630000000055	13.740810000000067
Chechem Ha, Cayo, Belize	17.033090000000072	-88.94860999999997
Burgas, Bulgaria	42.49151000000006	27.471810000000062
Sokcho, Gangwon-do, South Korea	38.208330000000046	128.59111000000007
New York Film Academy, 3300 Riverside Drive, Burbank, California, USA	34.15224713347584	-118.33541016126142
Cascata della Mola, Parco della Mola, Oriolo Romano, Lazio, Italy	42.15862000000004	12.138850000000048
Moret Sur Loing, France	48.37300000000005	2.8145200000000727
Neuwied, Rhineland-Palatinate, Germany	50.43109000000004	7.459190000000035
Armstrong Island, Fiji	-65.88332999999994	-66.26666999999998
Hindmarsh Valley, South Australia, Australia	-35.467739999999935	138.64362000000006
Tata Bungalow, Marol, Andheri, Mumbai, Maharashtra, India	19.119140000000073	72.88282000000004
Blickling Hall, Blickling, Norfolk, England, UK	52.82217000000003	1.206890000000044
Burnt Oak Underground Station, Watling Avenue, Burnt Oak, Edgware, London, England, UK	51.50642000000005	-0.1272099999999341
Zhejiang Sci-Tech Universiety, Hangzhou, Zhejiang, China	30.29365000000007	120.16142000000002
Olbia Airport, Olbia, Sardegna, Italy	40.90265000000005	9.513540000000035
Former USSR	9.576290000000029	99.97924000000006
Romeo's Pizza, Pasadena, California, USA	34.14611000000008	-118.09503999999998
Suisun City, California, USA	38.23912000000007	-122.03687999999994
Temple Mills, Marshall Street, Leeds, West Yorkshire, England, UK	53.78930197319092	-1.5521314333110743
Borovetz, Bulgaria	42.26752000000005	23.604430000000036
Vredendal, South Africa	-31.664039999999943	18.504590000000064
Western North Carolina, USA	35.24741779612019	-81.59105067497073
Louisa, Virginia, USA	38.025460000000066	-78.00374999999997
Warren Wilson College, Swannanoa, North Carolina, USA	35.61328000000003	-82.44068999999996
City Theatre, Lidick 16, Brno, Czech Republic	49.19727000000006	16.603680000000054
Schtzingen, Baden-Wrttemberg, Germany	48.994030000000066	8.899530000000027
Scott, Louisiana, USA	30.233600000000024	-92.09217999999998
Paradise Motel - 1116 W Sunset Blvd., Los Angeles, California, USA	34.065799952247836	-118.2494600011538
San Antonio de los Baos, Artemisa, Cuba	22.88858400000001	-82.49908275
Ultimo, NSW, Australia	-33.88006999999993	151.19878000000006
Basilica Maxentius, Rome, Lazio, Italy	41.856614706072484	12.517539598909751
Xieng Khouang, Laos	19.416670000000067	103.50000000000006
Old Quad, Edinburgh University, Edinburgh, Scotland, UK	55.94754000000006	-3.1862499999999727
Orangeville, Ontario, Canada	43.92017000000004	-80.09314999999998
Vis, Belgium	50.73781000000008	5.695260000000076
Lanaja, Huesca, Aragn, Spain	41.76979000000006	-0.32829999999995607
Sandrewateljerna, Lstmakargatan 18, Norrmalm, Stockholm, Stockholms ln, Sweden	59.33543146378896	18.069507356367954
Japanese Alps, Japan	36.36435000000006	137.62161000000003
Bennebroek, Noord-Holland, Netherlands	52.32212000000004	4.593210000000056
La Valle des Singes, Le Gureau, Romagne, Vienne, France	46.24405000000007	0.29099000000002206
Equatorial Africa	-23.903929999999946	29.443910000000074
Ranger, Georgia, USA	34.50317000000007	-84.70989999999995
Bay of Islands, Newfoundland, Newfoundland and Labrador, Canada	NaN	NaN
142 Water St., Vancouver, British Columbia, Canada	49.284014035303336	-123.10754970627039
Friar's Square, Aylesbury, Buckinghamshire, England, UK	51.81399000000005	-0.8138499999999453
30 30th Street, Venice, Los Angeles, California, USA	33.98004716734961	-118.46640730515327
Suffersheim, Bavaria, Germany	48.98160000000007	11.02066000000002
263 Ashland St, Holliston, Massachusetts, USA	42.23130164588242	-71.44225762833995
Sowden House - 5121 Franklin Avenue, Los Angeles, California, USA	34.10540449711448	-118.30117097155059
Ecole lmentaire, 16 Rue Julien Lacroix, Paris 20, Paris, France	48.86944050152922	2.3854845899358867
Dawson, Minnesota, USA	44.929410000000075	-96.05466999999999
House of Props - 1117 North Gower Street, Los Angeles, California, USA	NaN	NaN
Sydney Polo Club, Richmond, New South Wales, Australia	-33.60485989099993	150.75760832800006
Reserva Ecolgica Costanera Sur, Argentina	-34.59940999999998	-58.362689999999986
Crestasee, Kanton Graubnden, Switzerland	46.66667000000007	9.750000000000057
Fjell, Hordaland, Norway	60.33086000000003	5.07630000000006
Conservatorio Giuseppe Verdi, Milan, Italy	45.464930025535295	9.203060043857123
Blossom Prairie, Texas, USA	29.38802000000004	-96.00634999999994
Dans les ruelles du Vieux Nice, Nice, Alpes-Maritimes, France	43.695670000000064	7.273550000000057
Saint-Gilles town hall, Brussels, Belgium	50.826790000000074	4.344880000000046
Rublevka, Moscow, Russia	55.76497000000006	37.36605000000003
Riace, Reggio Calabria, Calabria, Italy	38.41849000000008	16.481030000000032
CBS Studio 72, New York City, New York, USA	40.61448379992237	-74.07942333817901
Helsingin Kaupunginmuseo, Helsinki, Finland	60.16848997446482	24.95209998773772
Mid-Hudson Civic Center - Poughkeepsie, New York, USA	41.7047700732875	-73.9286600783364
Cullar, Segovia, Castilla y Len, Spain	NaN	NaN
Lake Las Vegas, Henderson, Nevada, USA	36.089851712196705	-114.93236516060149
Quantel, London, England, UK	51.50642000000005	-0.1272099999999341
Brighouse, West Yorkshire, England, UK	53.70244000000008	-1.7746199999999703
Lucan, County Dublin, Ireland	53.358940000000075	-6.446239999999932
Waipu, New Zealand	-36.00398432399993	174.41567173300007
Zauo Restaurant, Tokyo, Japan	34.67358007718263	-86.03349999999995
1019 El Centro Street, South Pasadena, California, USA	34.1146455562272	-118.15642142392085
Swietokrzyskie Mountains, Swietokrzyskie, Poland	50.75000000000006	20.750000000000057
Mount Roskill, Auckland, New Zealand	-36.91361393799997	174.73508105400003
Florida's Naturals Growers, Lake Wales, Florida, USA	27.910980003895165	-81.60245995888418
Hall Green Greyhound Stadium, Birmingham, England, UK	52.43193000000008	-1.844609999999932
Pomander Walk - 260-266 West 95th Street, Upper West Side, Manhattan, New York City, New York, USA	40.794326644180316	-73.97321026977895
Cinma Action Christine, 75006, Paris, France	48.854430076605745	2.340100076605715
Theoule-sur-Mer, France	43.50598000000008	6.939790000000073
James Weir Building, University of Strathclyde, Glasgow, Strathclyde, Scotland, UK	55.862970000000075	-4.244959999999935
Garden City, Missouri, USA	38.56349000000006	-94.19356999999997
Kellogg, Idaho, USA	47.54448000000008	-116.13509999999997
CWKS Legia Warszawa, Lazienkowska, Srdmiescie, Warsaw, Mazowieckie, Poland	52.22046006059152	21.040739988891534
Grand Cafe De Kroon, Amsterdam, Noord-Holland, Netherlands	52.36631002943042	4.896700000000067
Pie 'n Burger - 913 E. California Boulevard, Pasadena, California, USA	34.135920037220714	-118.13134999999994
Maintower, Frankfurt am Main, Hessen, Germany	50.11208000000005	8.683410000000038
Camping World Stadium, 1 Citrus Bowl Place, Orlando, Florida, USA	28.537823097060247	-81.40143809706025
Eglise Saint-Etienne, Grande Rue, Fosses, Val d'Oise, France	49.09720939587927	2.4777719885955922
Leo Silver Sons, New York City, New York, USA	40.84382201936617	-73.8471277040751
North Head, Devonport, Auckland, New Zealand	-36.82679330576048	174.81208118706422
6542 Lankershim Blvd, North Hollywood, Los Angeles, California, USA	34.189722	-118.3877608176181
Elwood, Long Island, New York, USA	40.86948003664376	-73.32246991892222
Santa Barbara Channels, Studio A, Santa Barbara, California, USA	34.41938000000005	-119.69904999999994
Lake Balentine, Hungary	47.16708877000008	19.424531700000045
Trinity College, Toronto, Ontario, Canada	43.66485000000006	-79.39493999999996
Harrah's Club, Lake Tahoe, Nevada, USA	39.5278099378211	-119.81219005554246
North Wingfield, Derbyshire, England, UK	53.18100000000004	-1.387489999999957
Swaffham, Norfolk, England, UK	52.64402000000007	0.6897600000000352
Abbot Chyryton's Place, Evesham, Worcestershire, England, UK	52.091765693219635	-1.9536009260351628
Malecon de Quepos, Quepos, Puntarenas, Costa Rica	9.42539000000005	-84.16169999999994
Milford, Indiana USA	41.40978000000007	-85.84674999999999
ABC Television center - 1330 Avenue of the Americas, New York City, New York, USA	40.761927000000014	-73.9786725
Cowtown Cattlepen Maze, Fort Worth, Texas, USA	32.78887000000003	-97.34556999999995
Tower House, 29 Melbury Rd, Kensington, London, England, UK	51.49966579802816	-0.20255656203555938
Guildford, Sydney, New South Wales, Australia	-33.85487999999998	150.99049000000002
Atherfield Bay Holiday Camp, Shepherd's Chine, Chale, Ventnor, Isle of Wight, England, UK	50.59656000000007	-1.3174799999999323
San Juan de las Abadesas's railway station, San Juan de las Abadesas, Girona, Catalonia, Spain	41.97930000000008	2.8170800000000327
Dobris Chateu, Czech Republic	49.781300000000044	14.17076000000003
Sands Hotel - 3355 Las Vegas Boulevard South, Las Vegas, Nevada, USA	36.12200982916933	-115.17138116583388
Blue Plate Cafe, Huntsville, Alabama, USA	34.72012004443405	-86.61012997446471
San Esteban de Gormaz, Soria, Castilla y Len, Spain	41.572370000000035	-3.199649999999963
Cherry Creek Shopping Center - 3000 E 1st Avenue, Denver, Colorado, USA	39.71625004068222	-104.95025002293717
Colton Market - 20867 S Highway 211, Colton, Oregon, USA	45.17212553318128	-122.4378315
Lindero Country Club - 5719 Lake Lindero Drive, Agoura Hills, California, USA	34.15535998110125	-118.78947
Stensveen Ressurssenter, Toten, Norway	59.90800000000007	9.392000000000053
Simi Valley Drive-In, Simi Valley, California, USA	34.282413000000005	-118.7380123470858
Thanhouser Studios, New Rochelle, New York, USA	40.92011000000008	-73.78693999999996
8 Peter Cooper Road, Manhattan, New York City, New York, USA	40.7341695545329	-73.9752128170985
Janesville, Wisconsin, USA	42.68789000000004	-89.01820999999995
Osor, Girona, Catalonia, Spain	41.94559000000004	2.5574300000000676
Karen Village, Chiang Dao, Chiang Mai, Thailand	19.365960401136533	98.96418447877062
Barrage du Chevril, Tignes, Savoie, France	45.49706000000003	6.933910000000026
Cabrera 1050, Buenos Aires, Argentina	-34.60222399999992	-58.391099999999994
814 Lake Michigan Dr NW, Grand Rapids, Michigan, USA	42.97253451049559	-85.80500394014892
61st St & Lexington Avenue, New York City, New York, USA	40.763475	-73.967274
Kolding Arresthus, Kolding, Jylland, Denmark	55.48636000000005	9.473350000000039
Boulevard de l'Epine, Lille, Nord, France	50.62005658711963	3.107534418437107
Cressing, Essex, England, UK	51.85664000000003	0.5822200000000635
Fayetteville, Ohio, USA	39.186660000000074	-83.93210999999997
Horton Court, Horton, Chipping Sodbury, South Gloucestershire, England, UK	51.54149000000007	-2.356529999999964
JCB Hall - 1-3-61, Koraku, Bunkyo, Tokyo, Japan	35.70561000000001	139.75181100000003
Tully Cross Village, County Galway, Ireland	53.419970000000035	-8.572829999999954
Versalles, Buenos Aires, Federal District, Argentina	-34.62827999999996	-58.521639999999934
Saqara pyramid, Giza Governorate, Egypt	29.850700000000074	31.23037000000005
All'Antico Ristoro di Cambi - Via S.Onofrio 1R, Florence, Tuscany, Italy	43.77053993782109	11.242050029430434
Behrenstrae, Mitte, Berlin, Germany	52.51548083313396	13.386256963396875
Glendale, Skye, Highland, Scotland, UK	57.44852000000003	-6.714939999999956
Porte de Versailles, Paris 15, Paris, France	48.835210000000075	2.281750000000045
Streatham High Road, Streatham Hill, Streatham, London, England, UK	51.42602000000005	-0.13107999999994036
IAI Stadium Nihondaira, Shimizu, Shizuoka, Japan	34.984692592000044	138.4812529620001
Sarthe, France	47.99489534400004	0.22253723100004663
L.D. Brady Elementary School - 600 Columbia Street, Aurora, Illinois, USA	41.75985000836728	-88.30121993782099
1330 Hayward Court, Cincinnati, Ohio, USA	39.133143522909506	-84.42019675059171
Drpfeldstrasse, Hamburg, Germany	53.56652134131411	9.840832338321324
Gordon Theater, Hollywood, Los Angeles, California, USA	34.09924725312579	-118.31962499999999
Arrone, Umbria, Italy	42.58351000000005	12.77010000000007
Wittenham Clumps, Oxfordshire, England, UK	51.62710000000004	-1.1817599999999402
Maligne Lake, Alberta, Canada	52.66118000000006	-117.53156999999999
Qalat, Iran	29.844400000000064	53.97690000000006
Speedway & Horizon Ave, Venice Beach, Venice, Los Angeles, California, USA	33.988185	-118.47422250000001
MCAM TV 23, Manchester, New Hampshire, USA	43.54781971106246	-71.45966657008479
Kaiser Permanente Medical Center, 13652 Cantara Street, Panorama City, California, USA	34.219799986583894	-118.43102993551334
Brivibas piemineklis, Riga, Latvia	56.95135004053891	24.113070040538915
Times Square Studios, New York, USA	40.75648000000007	-73.98617999999993
Inspiration Consolidated Copper Company, Miami, Arizona, USA	33.398520000000076	-110.87054999999998
Japeri, Rio de Janeiro, Brazil	-22.643069999999966	-43.65590999999995
Turnmills Nightclub, Clerkenwell Rd., London, England, UK	51.50642000000005	-0.1272099999999341
Os, Norway	60.18603000000007	5.467890000000068
Fonyd, Hungary	46.74940000000004	17.557300000000055
Lavuk, sterbro, Copenhagen, Denmark	55.67567000000008	12.567560000000071
5813 Woodside Ave, Queens, New York City, New York, USA	40.74568632395745	-73.90630294445428
The Lot - 1041 N. Formosa Avenue, West Hollywood, California, USA	34.08974885789716	-118.34627715525922
Bavispe, Sonora, Mexico	30.480590000000063	-108.93975999999998
Empire Media Center, Los Angeles, California, USA	34.013106	-118.15796925000001
Gloria-teatteri, Helsinki, Finland	60.18930992281748	24.95503000000008
Cabrillo Studios, Long Beach, California, USA	33.76672000000008	-118.19239999999996
Reszel, Warminsko-Mazurskie, Poland	54.050320000000056	21.15184000000005
Saint-Genest Malifaux, Loire, France	45.347380000000044	4.4210200000000555
Rubonia, Florida, USA	27.578320000000076	-82.55240999999995
Lane Cove, New South Wales, Australia	-33.81335999999993	151.17028000000005
Irvine, Kentucky, USA	37.699940000000026	-83.97476999999998
North Freeway, Interstate 45 near Tidwell, Houston, Texas, USA	29.76058000000006	-95.36967999999996
Liverpool Street, London, England, UK	51.51744594629671	-0.08261438584846101
Mount Schilthorn, Kanton Bern, Switzerland	47.00000000000006	7.583330000000046
Attica Desert, Andes, Bolivia	-16.36855811399994	-68.44047096199995
Demeure Koehler - 29 Rue Guilloud, Monplasir, Lyon, Rhne, Rhne-Alpes, France	45.74282000000005	4.867360000000076
Arvandkenar, Khuzestan Province, Iran	30.500000000000057	50.00000000000006
Doetinchem, Gelderland, Netherlands	51.963700000000074	6.291360000000054
Gosciecice, Lower Silesia, Poland	50.75973000000005	17.087330000000065
Princess Theatre, Melbourne, Victoria, Australia	-37.810689999999965	144.97275000000002
University College Dublin, Belfield, Dublin 4, Dublin, Ireland	53.308599956143	-6.220650024524653
Lord's, St. John's Wood, London, England, UK	51.53395000000006	-0.17374999999992724
Gerlos, Tirol, Austria	47.22569000000004	12.036350000000027
4505 West Jefferson Boulevard, Los Angeles, California, USA	34.025560478792606	-118.3453335
Padre Amig, 5 Madrid, Spain	40.42028000000005	-3.7057699999999727
Benevento, Campania, Italy	41.129950000000065	14.785520000000076
McCambridge Recreation Center, 1515 N. Glenoaks Blvd., Burbank, California, USA	34.19344000000007	-118.32030999999995
Eagle Rock, California, USA	34.13927000000007	-118.21086999999994
145 N. Baldwin Avenue, Sierra Madre, California, USA	34.164487365718706	-118.05258242586035
Cape Canaveral Air Station, Cape Canaveral, Florida, USA	28.477630000000033	-80.58790999999997
The Big Oyster, Taree, New South Wales, Australia	-31.912289999999985	152.46285000000012
Hackett Dining Hall, St Georges College, Perth, Western Australia, Australia	-31.974002999999996	115.82167950000002
Gwangmyeong, South Korea	37.44435000000004	126.86500000000001
Molino, Bacoor, Cavite, Philippines	14.404880000000048	120.97717000000011
Cawston Ostrich Farm, Pasadena, California, USA	34.14745000000005	-118.14426999999995
Klausenpass, Kanton Uri, Switzerland	46.868520000000046	8.852580000000046
Avalon, Wisconsin, USA	42.63273000000004	-88.86786999999998
Lentigione, Reggio Emilia, Emilia-Romagna, Italy	44.67588699759509	10.693348271343549
U-Bahnhof Birkenstrae, Mitte, Berlin, Germany	52.52121000000005	13.424150000000054
Vila de Cruces, Pontevedra, Galicia, Spain	42.79415000000006	-8.168469999999957
Zilli Fish, Brewer Street, Soho, London, England, UK	51.51182000000006	-0.13507999999995945
Leixlip, County Kildare, Ireland	53.364370000000065	-6.487589999999955
Ninive, Iraq	36.366670000000056	43.150000000000034
Carrasqueira, Portugal	40.020440000000065	-8.072409999999934
Long Beach, Washington, USA	46.35232000000008	-124.05438999999996
Edgewater Park, Everett, Washington, USA	47.95196000000004	-122.28389999999996
38 Spofford St, San Francisco, California, USA	37.794613787956585	-122.4073686433436
Cotignano, Radicofani, Siena, Tuscany, Italy	42.97602000000006	11.740350000000035
Nagbalayong, Morong, Bataan, Philippines	14.674060000000054	120.27588000000003
Horslunde, Lolland, Denmark	54.91189000000003	11.217010000000073
Seguin, Texas, USA	29.569510000000037	-97.96465999999998
Bridgefoot House, Iver, Buckinghamshire, England, UK	51.520710000000065	-0.5105699999999729
La Ciudadela, Huesca, Aragn, Spain	42.571770042269655	-0.5514200627558062
Alley behind Trader Joes, 10130 Riverside Dr., Los Angeles, California, USA	34.15217993003081	-118.35182003664367
917 Webster Street, Mukilteo, Washington, USA	47.94123910294896	-122.30709153035306
Scotland Place, London, England, UK	51.50612700000001	-0.12567149999999266
Bad Endbach, Hessen, Germany	50.75212000000005	8.495100000000036
Taran Butler's Private Ranch, California, USA	34.1430165	-117.55513349999998
Ninja Museum - 117 Uenomarunouchi, Iga City, Mie Prefecture, Japan	34.771716	136.12912649999998
Frenchman's Field, Wales, UK	12.891190000000051	-61.17560999999995
Cerdanyola, Barcelona, Catalonia, Spain	41.37711068338683	2.132337179167713
Parc Josaphat, Schaerbeek, Brussels-Capital, Belgium	50.863440000000026	4.382450000000063
28 Place Saint-Georges, Paris 9, Paris, France	48.878386029430374	2.3376692457729438
Maison James Reid-Wilson, 1201, rue Sherbrooke Ouest, Montreal, Canada	45.451940000000036	-73.64289999999994
Chiswick Mall, Chiswick, London, England, UK	51.48770291173312	-0.24700723534645969
Zaki Gordon Institute, Sedona, Arizona, USA	34.86597000000006	-111.76380999999998
Ribera de Arriba, Asturias, Spain	43.30940000000004	-5.875609999999938
Le Village Gai, Montral, Qubec, Canada	45.52231000000006	-73.55175999999994
Biri, Samar, Philippines	11.842639748000067	124.94281475500009
RMIT, Melbourne, Victoria, Australia	-37.80942999999996	144.96374000000003
UFC Headquarters - 2960 W. Sahara Avenue, Las Vegas, Nevada, USA	36.14444351716709	-115.18125011365342
Mackay, Queensland, Australia	-21.142939999999953	149.18371000000002
Peruvian Highlands, Peru	40.74113418506617	-86.06363652747805
Banana Island, Luxor, Egypt	25.702380000000062	32.649290000000065
Northwestern University - 633 Clark Street, Evanston, Illinois, USA	42.04982000000007	-87.67934999999994
Northern Manitoba, Manitoba, Canada	56.346480953928804	-94.71802947100063
Mono County, California, USA	37.937497765000046	-118.88388822499996
Ronco sopra Ascona, Cantone Ticino, Switzerland	46.14383000000004	8.727340000000027
Tonle Sap Lake, Cambodia	12.92390000000006	103.91519000000005
Muse des Travailleurs Migrants, Guangzhou, China	23.116670000000056	113.25000000000011
Ocean Key Resort & Spa - 0 Duval Street, Key West, Florida, USA	24.55375118870313	-81.80121706950725
Nara River, Moscow, Russia	54.883980000000065	37.41404000000006
Schsische Schweiz, Saxony, Germany	51.02514002553528	14.210640018321888
Elendskirchen, Unterlaus, Feldkirchen-Westerham, Bavaria, Germany	47.941220000000044	11.862520000000075
Hurghada, Egypt	27.250550000000032	33.817630000000065
Mairena del Alcor, Sevilla, Andaluca, Spain	37.37721000000005	-5.744179999999972
Auto Shop, Burbank High School - 902 N. Third Street, Burbank, California, USA	34.187140015147016	-118.31440002062948
Guinness Brewery - now demolished, Cumberland Avenue, Park Royal, London, England, UK	51.530524851935844	-0.27491772439154694
Shepperton Studio Centre, Chertsey, England, UK	51.388190000000066	-0.5081899999999564
Poppodium P3, Purmerend, Noord-Holland, Netherlands	52.507489969415836	4.955960080500885
Hilltop Cafe - 23904 Fraser Hwy, Langley, British Columbia, Canada	49.07544226836532	-122.56236013976556
Gennaro's Cucina, West Caldwell, New Jersey, USA	40.84111000000007	-74.30179999999996
Grace Inn, Shields Road, Byker, Newcastle upon Tyne, England, UK	54.977037487549	-1.581448521064623
Bophuthatswana, South Africa	-29.145299999999963	26.71166000000005
Wyoming, Montana, USA	41.266599789937146	-110.99019993685523
Griffith Film School, Griffith University, Brisbane, Queensland, Australia	-27.555779569723736	153.05198976192474
Cabbage Town Market - 198 Carroll Street SW, Atlanta, Georgia, USA	33.74898997446485	-84.36808997388783
El Carmelo, Barcelona, Catalonia, Spain	41.532046272892224	1.99995810820126
Canton Theatre - 171 E Main Street, Canton, Georgia, USA	34.23676997388793	-84.49019005107044
Solar Living Center - 13771 South Highway 101, Hopland, California, USA	38.96718990287943	-123.11550960981654
Mnsted Kalkgruber, Jylland, Denmark	55.959300779000046	10.053934054000024
Weddington Park South, Studio City, Los Angeles, California, USA	34.14184000000006	-118.36161999999996
West 1st Street and Hill Street, Los Angeles, California, USA	NaN	NaN
Galleria Supermarket, Toronto, Ontario, Canada	43.75514992498185	-79.34988994445743
Baboquivari Mountains, Arizona, USA	31.789810000000045	-111.58677999999998
Raisio, Finland	60.486980000000074	22.16787000000005
Foster City, California, USA	37.56114000000008	-122.26887999999997
Courtempierre, Loiret, France	48.10313000000008	2.6148300000000404
Ustek, Czech Republic	50.584520000000055	14.342570000000023
20481 Tulsa Street, Chatsworth, Los Angeles, California, USA	34.269004464365885	-118.57950199570084
Sioux County, Nebraska, USA	42.48776051400006	-103.75887538099994
A.L. Anderson Park, Tarpon Springs, Florida, USA	28.131340000000023	-82.73631999999998
Wambacher Mhle, Wambach, Schlangenbad, Hessen, Germany	50.10969000000006	8.096820000000037
Munson Diner, 11th Ave. & W. 49th St., New York, NY 10019	40.763011121972404	-73.98976922979008
The Ship, Dunwich, Suffolk, England, UK	52.27800000000008	1.6271800000000667
San Marcos de Leon, Veracruz, Mexico	19.419080000000065	-96.96562999999998
Armonk, New York, USA	41.11941000000007	-73.70837999999998
Guthrie Street, Old Town, Edinburgh, Scotland, UK	55.94815436782316	-3.1883284287806894
Mount Macedon, Victoria, Australia	-37.38960999999995	144.58924000000002
Castell d'Hostalric, Girona, Catalonia, Spain	41.74640000000005	2.6318800000000238
Blue Goose Lounge, 5201 Sunset Blvd Los Angeles, California, USA	34.09818904105465	-118.30334104105464
Cazorla, Jan, Andaluca, Spain	37.91316000000006	-3.002809999999954
Borox, Toledo, Castilla-La Mancha, Spain	40.070070000000044	-3.74013999999994
Marion Square, Charleston, South Carolina, USA	32.78684000000004	-79.93563999999998
1855 Industrial, Los Angeles, California, USA	34.03578748600597	-118.23308233083272
Mandarmoni,West Bengal, India	21.670830000000024	87.70728000000008
Piotrkowska 288, Ldz, Ldzkie, Poland	51.7419926924808	19.462349956056013
Aco Fan Studio, Mumbai, Maharashtra, India	18.935880000000054	72.83492000000007
Balagu, Arige, Midi-Pyrnes, France	46.55941704400004	2.5505399530000545
17322 Saticoy St., Los Angeles, California, USA	34.20838247013695	-118.51058152553523
Lake Arthur, Louisiana, USA	30.080490000000054	-92.67183999999997
Geislingen, Baden-Wrttemberg, Germany	48.287870000000055	8.81606000000005
White Pass, Washington, USA	46.643320000000074	-121.38008999999994
Teatro da Comuna, Lisbon, Portugal	38.73637000000008	-9.15996999999993
Ryssby, Kronobergs ln, Sweden	56.86494000000005	14.164540000000045
Alps, Haute-Savoie, France	46.034649141000045	6.428239796000071
Via Teulada 66, Rome, Lazio, Italy	41.91814632651909	12.456055617894002
Vassar, Michigan, USA	43.37038000000007	-83.58003999999994
Ituzaing, Buenos Aires, Federal District, Argentina	19.404477	-99.14879925
Intersection of Beacon and O'Farrell, San Pedro, Los Angeles, California, USA	33.746004000000006	-118.2804435
Studio TC1, BBC Television Centre, Wood Lane, Shepherd's Bush, London, England, UK	51.50642000000005	-0.1272099999999341
Imbabazi Orphanage, Mugongo, Rwanda	-2.530499999999961	28.915700000000072
Stage 31, Paramount Studios - 5555 Melrose Avenue, Hollywood, Los Angeles, California, USA	34.08354602916837	-118.32179050489285
Carbon Glow, Kentucky, USA	37.152090000000044	-82.94969999999995
New Canaan Library - 151 Main Street, New Canaan, Connecticut, USA	41.145829923394395	-73.49178002221694
Durham, Maine, USA	43.97357000000005	-70.12621999999993
7715 Central Ave. NE. Albuquerque, New Mexico, USA	35.07516334837519	-106.56105889595452
University of Nebraska, Lincoln, Nebraska, USA	40.81549997446484	-96.64886000836715
Museo Nazionale dell'Automobile, Corso Unit D'Italia, Turin, Piedmont, Italy	45.06968000000006	7.704920000000072
Admiral's Arch, Kangaroo Island, South Australia, Australia	-35.82389999999998	137.33392000000003
Place de la Harengerie, Pontoise, Val-d'Oise, France	49.04980739620958	2.098438586911977
Exam Hall, Trinity College, Dublin, County Dublin, Ireland	53.34468994113933	-6.259289966097515
Port, Marseille, Bouches-du-Rhne, France	43.29595318633083	5.368422038757653
Sussex Street, Alberton, South Australia, Australia	-34.85992815652109	138.5156990556536
Chino Hills State Park, Chino Hills, California, USA	33.95458000000008	-117.70214999999996
Hotel Georgian - 1415 Ocean Avenue, Santa Monica, California, USA	34.01361005164745	-118.4975099699927
61 Boulevard de la Croisette, Cannes, Alpes-Maritimes, France	43.54896355678326	7.027869146978942
Scarpetta Beverly Hills at the Montage Beverly Hills - 225 North Cannon Drive, Beverly Hills, California, USA	34.067900000000066	-118.39862999999997
Giovanni's Italian Restaurant and Pizzeria, 2140 S. Chickasaw Trail, Orlando, Florida, USA	28.56604489500006	-81.68864878999995
Saban Theatre - 8440 Wilshire Boulevard, Beverly Hills, California, USA	34.06480827743054	-118.37506551753007
Le Sappey-en-Chartreuse, Isre, France	45.26189000000005	5.7779200000000515
Fort Croghan Musem, Texas, USA	30.756020000000035	-98.23390999999998
Moore Town, Jamaica	18.05728000000005	-76.41391999999996
Bridger Bowl, Montana, USA	45.81882000000007	-110.90578
Bernardsville, New Jersey, USA	40.71557000000007	-74.57465999999994
Dollywood - 1198 McCarter Hollow Road, Pigeon Forge, Tennessee, USA	35.8061136320798	-83.53167839633471
5730 Broadway Street, Suite 104, Pearland, Texas, USA	29.559531491777037	-95.30949116472387
211 Ann St, Brisbane, Queensland. Australia	-27.466898341268415	153.02544899206364
Patagonia Lake, Arizona, USA	31.49500000000006	-110.85937999999999
Calypso Waterpark, Ottawa, Ontario, Canada	45.23561355370439	-75.69103879982327
Moreton-in-Marsh Railway Station, Moreton-in-Marsh, Gloucestershire, England, UK	NaN	NaN
Arenbergschouwburg, Antwerp, Flanders, Belgium	51.215299940562424	4.407909937821124
Sirius Studios, New York City, New York, USA	40.855950000000064	-73.86761999999999
1366 Angelo Drive, Beverly Hills, California, USA	34.09684566530079	-118.437810273761
Tychy, Slaskie, Poland	50.119470000000035	18.984420000000057
Ascan Avenue, Forest Hills, Queens, New York City, New York, USA	40.714567478318244	-73.84295742991664
Sterlington, Virginia, USA	38.84142000000003	-77.08866999999998
Place de l'Htel de Ville, Moulins, Allier, France	NaN	NaN
Rubaga, Uganda	0.3017600000000584	32.548470000000066
Lambeth Bridge, Millbank, London, England, UK	51.495636480493594	-0.1253109988945156
Mtro Bowling, Lille, Nord, France	50.63211000000007	3.061140000000023
First Good Shepherd Lutheran Church, 301 S. Maryland Pkwy., Las Vegas, Nevada, USA	36.16307997778305	-115.13444996999269
Towton, England, UK	53.84972000000005	-1.2639999999999532
Wrens, Georgia, USA	33.20905000000005	-82.38755999999995
Larchmont, Los Angeles, California, USA	34.08039000000008	-118.32364999999999
Ambato, Ecuador	-1.2491699999999355	-78.62996999999996
Seward Park - 5900 Lake Washington Boulevard S, Seattle, Washington, USA	47.54906717069649	-122.2574510185826
1124 Jackson street, Philadelphia ,Pennsylvania, USA	39.92252054342441	-75.16550281418431
Garland Avenue, Los Angeles, California, USA	34.050175845223606	-118.26733649810409
Gleadless Road, Gleadless Valley, Sheffield, South Yorkshire, England, UK	53.35505000000006	-1.44891999999993
Train Station, Sperenberg, Brandenburg, Germany	51.57457000000005	14.396710000000041
St. Clair Shores, Michigan, USA	42.49532000000005	-82.88890999999995
Pluckers Wing Bar, Baton Rouge, Louisiana, USA	30.39833003332553	-91.17914998441942
Le Meux, Oise, France	49.361590000000035	2.7498800000000756
Rue Blondel, Paris, France	48.8685555	2.354568749999994
Ceco Studios[now Cameramart] - West 54th Street, Manhattan, New York City, New York, USA	40.76517029125905	-73.98517172537403
913 River Rd, Edgewater, New Jersey, USA	40.82604725100533	-73.97390507590065
Perivale Underground Station, Horsenden Lane South, Perivale, Middlesex, England, UK	51.53645000000006	-0.3240599999999745
Section B Cell 5, Robben Island, Cape Town, Western Cape, South Africa	NaN	NaN
Creech Woods, Winchester, England, UK	51.063030000000026	-1.3167699999999627
Bedstuy, Brooklyn, New York, USA	40.692450000000065	-73.99035999999995
Klub Tomba Tomba, Brzozowa, Old Town, Srdmiescie, Warsaw, Mazowieckie, Poland	52.250601287027735	21.012672716192583
RAI, Amsterdam, Noord-Holland, Netherlands	52.337958641771074	4.890583046679245
Barnes Pond, Barnes, London, England, UK	51.47457000000003	-0.24211999999994305
Braishfield, Romsey, Hampshire, England, UK	51.02366000000006	-1.4664299999999457
The Wilbur Theatre, Boston, Massachusetts, USA	42.350759930607765	-71.06497996277933
Dolina Geyzerov, Kronozky zapovednik, Kamchatka, Russia	54.116670000000056	53.00000000000006
Madison County, Kentucky, USA	37.72012252800005	-84.27801087099994
The Reluctant Chef - 281 Duckworth St, St. John's, Newfoundland, Newfoundland and Labrador, Canada	47.56549019149985	-52.7067120659012
Isothermal Community College, Rutherford Campus - 286 ICC Loop Road, Spindale, North Carolina, USA	35.338970000000074	-81.91392999999994
Siddheswari Girl's College, Dhaka, Bangladesh	23.747630000000072	90.40957000000003
Wans, Kristianstad, Skne ln, Sweden	56.03099000000003	14.154160000000047
Schellenen Gorge, Switzerland	46.655950000000075	8.583880000000022
Conegliano, Veneto, Italy	45.89056000000005	12.303260000000023
The Bad Apple - 4300 N Lincoln Ave, Chicago, Illinois, USA	41.95979993782108	-87.6827400588607
Monona, Wisconsin, USA	43.06328000000008	-89.33847999999995
Barrington Court, Barrington, Somerset, England, UK	50.960920000000044	-2.8588499999999613
Herzberg am Harz, Lower Saxony, Germany	51.65581000000003	10.35029000000003
Billy's Topless Bar - 729 6th. Avenue, Manhattan, New York City, New York, USA	NaN	NaN
Newton Ferrers, Devon England, UK	50.31582000000003	-4.037959999999941
Vashi Bridge, Mumbai, Maharashtra, India	19.064220000000034	72.97972000000004
Hillcrest neighborhood, San Diego, California, USA	32.74764000000005	-117.16038999999995
Anamosa, Iowa, USA	42.10827000000006	-91.27970999999997
W Montrose Ave & Broadway Ave, Chicago, Illinois, USA	41.96178900000001	-87.65514
Dar Gueddari, Gharb-Chrarda-Bni Hssen, Morocco	32.00000000000006	-4.999999999999943
Htel du Cap, Antibes, Alpes-Maritimes, France	43.563293418576365	7.126178535926206
Bodmin and Wenford Railway, Bodmin, Cornwall, England, UK	50.46623000000005	-4.716609999999946
Bagnor Theatre, Newbury, Berkshire, England, UK	51.42185000000006	-1.352929999999958
Havelu, Tonga	-21.149999999999977	-175.21666999999997
Charles Ray Productions - 1725 Fleming Street, Hollywood, Los Angeles, California, USA	34.05149958216543	-117.78041808851377
Meridian, Oklahoma, USA	35.84358000000003	-97.24703999999997
Cathay De Grande, Hollywood, Los Angeles, California, USA	34.10156000000006	-118.33707999999996
Guadalcanal, Solomon Islands	-9.749999999999943	160.0000000000001
Opra, Nice, Alpes-Maritimes, France	43.70028000000008	7.277680000000032
Big Tujunga Wash at Foothill Blvd., Sunland, Los Angeles, California, USA	34.26062114044219	-118.32412400018588
Asilah, Morocco	35.46502000000004	-6.0347999999999615
Ngoc Son Temple, Hon Kiem District, Hanoi, Vietnam	21.03042000000005	105.85377000000005
Filey Holiday Camp, Filey, North Yorkshire, England, UK	54.21185000000003	-0.2907199999999648
Emsalo, Porvoo, Finland	60.30024000000003	25.60128000000003
Lydd Ranges, Kent, England, UK	50.93268000000006	0.8714300000000321
PricewaterhouseCoopers Tower, Quay Street, Auckland Central Business District, Auckland, New Zealand	-36.70917666799994	174.7330887700001
Cromwell, Indiana, USA	41.40339000000006	-85.61377999999996
Lakeland Regional High School - 205 Conklintown Road, Wanaque, New Jersey, USA	41.060089950517096	-74.281720031738
Agawam, Massachusetts, USA	42.08860000000004	-72.62516999999997
Atelier Hamburg-Wandsbek, Hamburg, Germany	53.57205000000005	10.067070000000058
Vettavalam, Tamil Nadu, India	12.10982000000007	79.24457000000007
Cebars Tavern, Cleveland, Ohio, USA	41.4980399744648	-81.56528001500358
Lerberget, Sweden	56.18333000000007	12.550000000000068
Tallinnfilm studios, Tallinn, Estonia	58.25341000000003	22.48652000000004
Montagnana, Padua, Veneto, Italy	45.231310000000065	11.464540000000056
Juncal 1294, Buenos Aires, Federal District, Argentina	-34.59287852928613	-58.385763
4414 W. 2nd Street, Los Angeles, California, USA	34.07105098085559	-118.30960198085559
Hopa, Turkey	41.39620000000008	41.421020000000055
Daniel Boone National Forest, Kentucky, USA	37.416750000000036	-84.00020999999998
Slane, County Meath, Ireland	53.70834000000008	-6.543399999999963
South Los Angeles, Los Angeles, California, USA	33.97458000000006	-118.30041999999997
L&M Motel, Savanna, Illinois, USA	42.097330000000056	-90.12882999999994
Ohio State Highway Patrol Post, 805 US 250, Ashland, Ohio, USA	41.837369996104904	-80.85211995614289
Agriates, Corsica	42.66667000000007	9.166670000000067
Mansion Bar and Parlour, London, England, UK	51.42781000000008	-0.08626999999995633
Niederwerbig, Mhlenflie, Brandenburg, Germany	52.11312000000004	12.784740000000056
Happy Days Tavern - 4511 SE Belmont St., Portland, OR, USA	45.51662753818762	-122.61599029613639
Taejon, South Korea	36.33449000000007	127.43731000000002
Centrum-Warenhaus Leipzig, East Germany	51.11063104900006	10.39227793200007
Oyama, British Columbia, Canada	50.10877000000005	-119.37281999999999
Povungnituk, Kativik, Qubec, Canada	58.14768184500008	-71.65113169999995
Lustenau, Vorarlberg, Austria	47.42632000000003	9.658650000000023
342 North Canon Drive, Beverly Hills, California, USA	34.07005607299077	-118.40025930982445
Margaret Mitchell House - 990 Peachtree Street, Atlanta, Georgia, USA	33.781409926712605	-84.3848099516708
900 W. Olympic Blvd. Los Angeles, California, USA	34.04538891970529	-118.26584452555258
SANY America - 318 Cooper Circle, Peachtree City, Georgia, USA	33.35078349218353	-84.5585431596792
Lala's, 2207 Justin Lane, Austin, Texas, USA	30.34485188784713	-97.73634993839798
St. Paul's Bay, Malta	35.93750000000006	14.398610000000076
Kolumbusstrae, Euskirchen, Germany	50.6899095435472	6.826919141194219
Laurens, New York, USA	42.53815000000003	-75.14044999999999
Anshan, Liaoning, China	41.12361000000004	122.99000000000001
Hotel Fiesta Americana - Boulevard Francisco Medina, Puerto Vallarta, Jalisco, Mexico	20.608420000000024	-105.23525999999998
Franstudios - saint maurice, France	48.81639000000007	2.457490000000064
McGraw-Hill Building - 330 West 42nd Street, Manhattan, New York City, New York, USA	NaN	NaN
Authariplatz, Munich, Bavaria, Germany	48.091946479878956	11.563147306505257
Tournai, Belgium	50.60609000000005	3.386730000000057
Halstead, Essex, England, UK	51.94399000000004	0.6358200000000238
12099 Berlin, Germany	52.462265	13.403646942754449
Baryshnikov Arts Center - 450 West 37th Street, New York City, New York, USA	40.75621378238802	-73.99718356079397
Marilndia do Sul, Paran, Brazil	-23.748672027337864	-51.29939556121305
Sint-Oedenrode, Noord-Brabant, The Netherlands	51.56445000000008	5.461060000000032
Paradise Wildlife Park, Broxbourne, Hertfordshire, England, UK	51.74293000000006	-0.06308999999993148
Fort Salonga, Long Island, New York, USA	40.91229000000004	-73.30218999999994
Love Thy Body, West Los Angeles, Los Angeles, California, USA	NaN	NaN
Agios Petros Church, Kythera, Greece	38.55611000000005	25.846390000000042
Loos-en-Gohelle, France	50.457700000000045	2.7919500000000426
Welbeck Abbey, Worksop, Nottinghamshire, England, UK	53.26433000000003	-1.1832099999999741
Venta Contreras, Minglanilla, Cuenca, Castilla-La Mancha, Spain	39.53337000000005	-1.504669999999976
Only Love Sutdios, Scottsdale, Arizona, USA	33.61925462651102	-111.71775282048768
Santa Rosa Convention & Visitors Bureau - 9 4th St, Santa Rosa, California, USA	38.43790000000007	-122.71243999999996
Audubon Zoo - 6500 Magazine Street, New Orleans, Louisiana, USA	29.92434177997194	-90.12728741430763
Upper Sandusky, Ohio, USA	40.82752000000005	-83.28630999999996
Nenana, Alaska, USA	64.55804000000006	-149.09967999999998
byn, Sverige, Vsterbotten County, Sweden	64.86445383400007	17.831773326000075
Nybogrd, Kvistgrd, Sjlland, Denmark	55.28252654700003	11.702535947000058
Yorke-Metro Studios, 1329 Gordon Street, Hollywood, Los Angeles, California, USA	34.094938957712074	-118.32017881047332
Asociacion de Criadores de Caballo de Paso, Panamericana Norte, Vctor Larco Herrera, La Libertad, Peru	-8.139769999999942	-79.04557999999997
St Augustine Catholic Church, Brooklyn, New York City, New York, USA	40.67861000000005	-73.97638999999998
Rat Beach, Torrance, California, USA	33.81278000000003	-118.39044999999999
Lockhart, South Carolina, USA	34.78668000000005	-81.46158999999994
Insel Mainau, Constance, Baden-Wrttemberg, Germany	47.70375000000007	9.188020000000051
Strand Theater, Dorchester, Boston, Massachusetts, USA	42.35134710921372	-71.05285510178769
Santa Monica Mountain Conservatory, Mailbu, California, USA	34.12028000000004	-118.93175999999994
Providence Rhode Island, USA	41.823870000000056	-71.41198999999995
Arcus, Covasna County, Romania	45.89966000000004	25.77866000000006
Dag, Afghanistan	34.434840000000065	70.86647000000005
Old Dominion University, Norfolk, Virginia, USA	36.890319931041375	-76.30498997432143
Judge's Lodging, Presteigne, Powys, Wales, UK	52.274470000000065	-3.0042199999999752
Agadez, Niger	16.973140000000058	7.98974000000004
Logan Square, Chicago, Illinois, USA	41.923280000000034	-87.69809999999995
Castro Caldelas, Ourense, Galicia, Spain	42.37477000000007	-7.415349999999933
Ryerson University, Toronto, Ontario, Canada	43.65780998167816	-79.38022005886069
Landis, North Carolina, USA	35.546980000000076	-80.60909999999996
Sison, Pangasinan, Philippines	16.197400000000073	120.51495000000011
Le Montrose Hotel, Hollywood, Los Angeles, California, USA	34.087560077182665	-118.38763999942307
Railroad Yard, Union Station - 800 N. Alameda Street, Downtown, Los Angeles, California, USA	NaN	NaN
Atelier de Louis Pons, Hauterives, Drme, France	45.254350000000045	5.02377000000007
Newgale Beach, Pembrokeshire, Wales, UK	51.853400531000034	-4.889116937999972
Palacio Vistalegre, Crdoba, Crdoba, Andaluca, Spain	37.87873367241329	-4.780225951224702
Rue Saint-Jacques, Le Havre, Seine-Maritime, France	49.48678433228681	0.10905138935587687
Intervale Farm - 106 South Road, Westhampton, Massachusetts, USA	42.29490259094549	-72.77429224958304
Channel 7 Adelaide, 40 Port Rd, Hindmarsh, South Australia, 5007	-34.905321	138.57165000000003
St. Vincenzstift Aulhausen, Rdesheim am Rhein, Hessen, Germany	49.99392000000006	7.891360000000077
Vester Sgade, Copenhagen, Sjlland, Denmark	55.677438135269504	12.569762582004497
Congo Basin, Congo	5.684341886080802e-14	20.000000000000057
Okurayama, Kanagawa, Japan	35.52530904200006	139.625009857
Vincennes, Val-de-Marne, France	48.84794000000005	2.4403200000000425
Schloss Lembeck, Lembeck, Dorsten, North Rhine-Westphalia, Germany	51.760500000000036	7.001010000000065
Puerco Valley, New Mexico, USA	36.08520881235813	-106.87136677969104
Amerikaans Theater, Brussels, Brussels-Capital, Belgium	50.84439000000003	4.3560900000000515
Brenna, Slaskie, Poland	49.71721000000008	18.935370000000034
Central Station, Amsterdam, Noord-Holland, Netherlands	52.37859007718264	4.8991000528012645
Old Trafford (MUFC), Manchester, Greater Manchester, England, UK	53.47959000000003	-2.248739999999941
QEII Country Park and Woodburn Colliery Museum, Ashington, Northumberland, England, UK	55.18354000000005	-1.569409999999948
Fuzhou, China	26.061390000000074	119.3061100000001
The Tyneside Cinema - 10 Pilgrim Street, Newcastle upon Tyne, England, UK	54.97411000000005	-1.6117799999999534
Roka, Chania, Crete, Greece	35.51200000000006	24.012290000000064
Calaveras Big Trees State Park, California, USA	38.27696000000003	-120.30972999999994
Natural Bridge, Walker Ranch - 19152 Placerita Canyon Road, Newhall, California, USA	34.37749827249158	-118.47039396972315
Elmwood, Louisiana, USA	29.95634000000007	-90.19010999999995
Jalama Beach, California, USA	34.50858000000005	-120.50059999999996
Tortoreto, Italy	42.80394000000007	13.910270000000025
Mandya, Karnataka, India	12.52735000000007	76.89465000000007
Baskin Robbins- 301 Hartz Avenue #100, Danville, California, USA	37.82256208990721	-122.0008715757976
Bellshill, North Lanarkshire, Scotland, UK	55.81938000000008	-4.025079999999946
68 Lurgan Rd, Portadown, Craigavon, County Armagh, UK	54.43717105650767	-6.412027486795526
Wallarah Peninsula, New South Wales, Australia	-32.16332740599995	147.0166992080001
Woronora Cemetery, Sutherland, New South Wales, Australia	-34.03127999999998	151.0547600000001
Dr. Paccard Statue, Place Balmat, Chamonix, Haute-Savoie, France	46.03061000000008	6.611820000000023
Los Banos, California, USA	37.06138000000004	-120.84758
Vellinge, Skne ln, Sweden	55.46962000000008	13.021750000000054
Place de la Fontaine 10, 1128 Reverolle, Switzerland	46.54132443130017	6.439633139477113
Forty Green, Buckinghamshire, England, UK	51.72445000000005	-0.8943299999999681
Exconvento de Churubusco, Mexico City, Distrito Federal, Mexico	19.361540043857122	-99.12134001832185
St. Charles, Illinois, USA	41.913770000000056	-88.31276999999994
Skipsea Grange, Skipsea, East Yorkshire, England, UK	53.953217117324165	-0.19809323991802472
Ferdinandsbrcke, Vienna, Austria	48.202540000000056	16.36880000000002
California State University, Northridge, California, USA	34.235520000000065	-118.52845999999994
Jensen, Florida, USA	28.0583595	-82.7259525
Rottler und Rdiger und Partner GmbH, Bavaria, Germany	49.28513952676988	10.786551236615063
Suvanto, Pelkosenniemi, Finland	67.15204000000006	27.279900000000055
Mnch, Kanton Bern, Switzerland	47.00000000000006	7.583330000000046
Manti-LaSal National Forest, Price, Utah, USA	39.60101000000003	-110.81098999999995
Florida Memorial University, Florida, USA	25.91769000000005	-80.26834999999994
Truro, Cornwall, England, UK	50.26526000000007	-5.05359999999996
San Carlos, Guinea	9.66175000000004	-68.59157999999996
National Gallery of Art, Vilnius, Lithuania	54.69062000000008	25.269800000000032
Villa Du Chne, Eupilio, Lombardy, Italy	45.81711450000002	9.255341250000015
Polytechnic School - 1025 Arden Rd, Pasadena, California, USA	34.131564060534174	-118.12854807219092
Auvillar, Tarn-et-Garonne, France	44.07084000000003	0.8973000000000297
Clavier, Lige, Huy, Belgium	50.429464023474516	5.344628662815535
Buhlbronn, Schorndorf, Baden-Wrttemberg, Germany	48.843810000000076	9.518070000000023
Cheshunt, Hertfordshire, England, UK	51.70150000000007	-0.034539999999935844
Bossier Parish Community College - Bossier City, Louisiana, USA	32.54105000000004	-93.64837999999997
Hollybank Forest Reserve, Tasmania, Australia	-41.306625	147.20997599999998
East Borough, Culver City, California, USA	34.00538326778125	-118.3861112764146
360 N Rodeo Dr. Beverly Hills, California, USA	34.06883407190247	-118.40256967274529
Kangasala, Finland	61.463700000000074	24.072050000000047
723 Gerrard St E, Toronto, Ontario, Canada	43.6664678531653	-79.34776567262972
Building 17, Brookley Field Industrial Complex, Mobile, Alabama, USA	30.686480000000074	-88.05296999999996
Barnegat Light, New Jersey, USA	39.75679000000008	-74.10925999999995
2001 South Alameda Street, Los Angeles, California, USA	34.017993555369614	-118.23969461472035
Pruchnik, Podkarpackie, Poland	49.90662000000003	22.517030000000034
919 Third Avenue, New York City, New York, USA	40.759380859830394	-73.9681279644528
Mitchell Field, Garden City, Long Island, New York, USA	40.72678526943369	-73.59547294422552
Euston Railway Station, Camden, London, England, UK	51.527480014570074	-0.13250002683229753
Waiorau Snow Farm, Cadrona Valley, Wanaka, Otago, New Zealand	-45.27423005899993	169.54887881100012
Science Hall, CSULB. Long Beach, California, USA	33.78223000000003	-118.12237999999996
Henriksdal, Stockholm, Stockholms ln, Sweden	59.3102678543061	18.10453075033464
Khenifra, Morocco	32.939460000000054	-5.665489999999977
Ishah Wright Church Studio 5645 Auckland Avenue, Hollywood, California, USA	34.10156000000006	-118.33707999999996
Long Beach Public Library - 101 Pacific Avenue, Long Beach, California, USA	33.768120438722114	-118.19379943872211
Cottonwood Cafe - 222 Berkeley Street, Boston, Massachusetts, USA	42.35073323091355	-71.07286352960324
Milton, Florida, USA	30.633600000000058	-87.03814999999997
El Poble Espanyol, The Spanish Village, Barcelona, Spain	41.36929994056242	2.1462000251016615
14901 Central Ave, Chino, California, USA	33.98270176834555	-117.68892287550919
Parkville, Missouri, USA	39.189230000000066	-94.68389999999994
Olympic Centre, Zoliborz, Warsaw, Mazowieckie, Poland	52.265720000000044	20.974830000000054
Aldenhoven, North Rhine-Westphalia, Germany	50.89573000000007	6.282550000000072
Vasil'evsky Spusk, Moscow, Russia	55.75084330282893	37.623122089001626
Create or Die, 10 Mitchell St, Marrickville NSW, Australia	-33.907572	151.162641
Legion Field - 400 Graymont Avenue W, Birmingham, Alabama, USA	33.50983001514698	-86.8428500116854
Panoromic Studio, India	28.493490000000065	77.29280000000006
Grycksbo, Dalarnas ln, Sweden	60.687880000000064	15.484020000000044
irihuau, San Carlos de Bariloche, Rio Negro, Argentina	-41.13309156978512	-71.30981213305772
John Hindmarsh Frontage, Brompton, South Australia, Australia	-34.893124852271775	138.57706780056688
116th Street, Manhattan, New York City, New York, USA	NaN	NaN
Chesapeake Energy Arena, Oklahoma City, Oklahoma, USA	35.464239950517054	-97.51487000389508
Seoul, South Korea	37.568260000000066	126.97783000000004
554 Kings Road, Chelsea, London, England, UK	51.48165506201598	-0.1819607913968734
La Badia di Orvieto, Orvieto, Terni, Umbria, Italy	42.717220000000054	12.104990000000043
Barbakan palace, Vilnius, Lithuania	54.67812992339436	25.29179997056971
Ray's Drive Inn, Everett, Washington, USA	47.99890000000005	-122.20104999999995
El Pardo roundabouts, El Pardo, Madrid, Spain	40.51926000000003	-3.7761299999999665
Blue Mound, Illinois, USA	NaN	NaN
Wielopole Skrzynskie, Podkarpackie, Poland	49.94628000000006	21.614930000000072
Microsoft Research - One Microsoft Way, Redmond, Washington, USA	NaN	NaN
The Syria Mosque, Pittsburgh, Pennsylvania, USA	40.401323831929545	-79.9864089370218
Commerce Street, Greenwich Village, Manhattan, New York City, New York, USA	40.73211001110853	-73.9964800732874
Razzberry, Mumbai, Maharashtra, India	NaN	NaN
Groraming, Upper Austria, Austria	47.88857575145391	14.54574317514538
1151 Scott Ave, Los Angeles, California, USA	34.071033435884445	-117.73357093588444
Klvi, Finland	64.52251280100006	26.158834376000073
Lugu Lake, China	27.70420000000007	100.78521000000006
Mount Cozzon, Alps, Italy	NaN	NaN
12301 Whittier Blvd, Whittier, California, USA	33.97540752579931	-118.04674635903375
Greenville, Illinois, USA	38.89237000000003	-89.41341999999997
The Haines Shoe House, Shoehouse Road, York, Pennsylvania, USA	39.999370000000056	-76.63698999999997
Iga, Mie, Japan	NaN	NaN
Scartho Road Cemetery, Grimsby, Lincolnshire, England, UK	53.42998780663181	-0.17820631088345373
Nemo, Texas, USA	32.260920000000056	-97.64877999999999
Restaurant Conviva, Munich, Bavaria, Germany	48.13904997778307	11.552819981678178
New Southgate, London, England, UK	51.61438000000004	-0.14269999999993388
Frenchgate and the former station Richmond, North Yorkshire, England, UK	54.40661636107627	-1.7332857439002507
Old Barrack Yard, London, England, UK	51.5020231248191	-0.15502441036557613
Gleadless Valley, Sheffield, South Yorkshire, England, UK	53.35703673122886	-1.4517127045659566
Chinese Garden, Jurong East, Jurong, Singapore	NaN	NaN
Crescent Duck Farm, Aquebogue, Long Island, New York, USA	40.71455000000003	-74.00713999999994
Geltow, Schwielowsee, Brandenburg, Germany	NaN	NaN
Norderney, Lower Saxony, Germany	53.70519000000007	7.1449700000000576
Farrebique, Goutrens, Aveyron, France	44.43565000000007	2.352380000000039
Davis Square, Somerville, Massachusetts, USA	42.39661000000007	-71.12334999999996
Toljatti City, Russia	53.469070000000045	49.530860000000075
John F. Kennedy International Airport, Jamaica, Queens, New York City, New York, USA	40.64454000000006	-73.79535999999996
Balmain, Sydney, New South Wales, Australia	NaN	NaN
Heinz factory, Kitt Green, Wigan, Greater Manchester, England, UK	53.47959000000003	-2.248739999999941
Shirasato Beach, Shirasato, Chiba, Japan	35.57747562900005	140.14048790700008
Char Gabsara, Bangladesh	24.483330000000024	89.83333000000005
Dulkaninna Station, South Australia, Australia	-30.10641604799997	135.78918508300012
Nelson's Bay, Australia	-32.71519999999998	152.14290000000005
Cross Bones Graveyard, London, England, UK	51.51040000000006	-0.21061999999994896
Alice Springs, Northern Territory, Australia	-23.702669999999955	133.8813100000001
Chteau Darblay, Saint Germain ls Corbeil, Essonne, France	48.52254746800003	2.2434306030000357
The Quick Chef Cafe, Hardman Street, Liverpool, Merseyside, England, UK	53.40158000000008	-2.9704999999999586
St. Pierre Island, Farquhar Group, Outer Islands, Seychelles	-10.171997265999948	51.169790000000035
Uricani, Romania	45.33719000000008	23.138630000000035
Schleuse, Woltersdorf, Brandenburg, Germany	52.44253758997464	13.76584438654333
Court House, Charters Towers, Queensland, Australia	-20.098997999999995	146.8887975
Cockatoo Island, Sydney Harbour, Sydney, New South Wales, Australia	-33.85546988139562	151.2087266835916
Sandy Hook, Connecticut, USA	41.42005000000006	-73.28184999999996
Nogales Airport - 11 Access Way, Nogales, Arizona, USA	31.41796000000005	-110.85122999999999
Velveteria, 2448 E Burnside St, Portland, Oregon, USA	45.522620025535275	-122.64065998831457
150 Barrington Ave., Los Angeles, California, USA	34.0665921401696	-118.4708786293209
Pancir, Czech Republic	49.16798000000006	13.243310000000065
All Nations Centre, Cardiff, South Glamorgan, Wales, UK	51.48127000000005	-3.180719999999951
Roast N Toast Diner, Windsor, Ontario, Canada	42.31785000000008	-83.03386999999998
421 Penn Street NE, Washington, District of Columbia, USA	NaN	NaN
Universal Studios Florida, Universal Orlando Resort - 1000 Universal Studios Plaza, Orlando, Florida, USA	28.47771000000006	-81.47476999999998
Artillery Lane, East Acton, London, England, UK	51.518534295862054	-0.07791496741390247
Hiram, Ohio, USA	41.30946000000006	-81.14450999999997
St. Andrew's Episcopal Church - 1432 Engracia Ave, Torrance, California, USA	33.83376261391323	-118.32127501399404
St. Antoniuskirche, Oberschneweide, Berlin, Germany	52.465380943367684	13.516281505067603
1688 Beacon Street, Brookline, Massachusetts, USA	42.33876000141364	-71.13828976048812
Martinez, California, USA	38.01393000000007	-122.13493999999997
Kress - 6608 Hollywood Boulevard, Hollywood, Los Angeles, California, USA	34.10154550288553	-118.33358302553523
Zlarin, Yugoslavia	45.7421899489296	21.22826994503444
Kediri, Indonesia	-7.826409999999953	112.0105400000001
Hamburg-Bahrenfeld, Hamburg, Germany	53.56466000000006	9.90166000000005
Puits Sainte Marie, Carmaux, Tarn, France	44.053126010909835	2.153330371169769
Waly Chrobrego, Old Town, Szczecin, Zachodniopomorskie, Poland	53.42990907463809	14.565231869040247
North Hero, Vermont, USA	44.815870000000075	-73.29050999999998
Sanderson, Texas, USA	30.14342000000005	-102.40415999999999
Busaabala, Wakiso, Uganda	0.09012000000006992	32.467610000000036
Bowen, Queensland, Australia	-20.014609999999948	148.22058000000004
Bury Grammar School for Girls, Bury, Greater Manchester, England, UK	53.59201000000007	-2.305909999999926
Sand House Farm, Lincolnshire, England, UK	52.979976000000015	-0.7199842499999816
Fontibn, Colombia	4.686370000000068	-74.15099999999995
Pittsbugh, Pennsylvania, USA	40.438510000000065	-79.99733999999995
Riverwest Film & Video, Milwaukee, Wisconsin, USA	43.071120000000064	-87.89802999999995
Outer Hebrides Islands, Hebrides, Scotland, UK	57.75000000000006	-6.999999999999943
54th Street Studio, New York, USA	40.7153266902406	-73.91342293862587
Knegsel, North-Brabant, Netherlands	51.39897000000008	5.3486200000000395
1500 North Normandie, Los Angeles, California, USA	34.09817743563757	-118.30046506436244
Jesolo, Venice, Veneto, Italy	45.535520000000076	12.641760000000033
Thorton, Colorado, USA	39.86948000000007	-104.98540999999994
Kloster Reisach, Oberaudorf, Bavaria, Germany	47.66391703200293	12.176877219246125
W. Pico Blvd. and S. Roxbury Drive, Los Angeles, California, USA	NaN	NaN
Reva and David Logan Center for the Arts, Chicago, Illinois, USA	41.884250000000065	-87.63244999999995
Monmouth Junction, New Jersey, USA	40.37877000000003	-74.54757999999998
La Valbonne, Kingly Street, Soho, London, England, UK	51.512290000000064	-0.13885999999996557
Shrine of the Virgin of Guadalupe, Mexico City, Distrito Federal, Mexico	19.41513472989352	-99.06484385601956
The Theatre at Ace Hotel Los Angeles, California, USA	34.04159000000004	-118.25679999999994
879 N Vignes St, Los Angeles, California, USA	34.05643607208839	-118.23193811688098
Monterey, Indiana, USA	41.15794000000005	-86.48229999999995
Aligarh	27.886250000000075	78.07383000000004
Essanay Studios, Niles, California, USA	37.57621950000001	-121.9732245
St. Elmo Steak House - 127 S. Illinois Street, Indianapolis, Indiana, USA	39.76488000000006	-86.15997999942306
Htel Meurice - 228 Rue de Rivoli, Paris 1, Paris, France	48.86509001110856	2.3280000111085264
Starkville, Mississippi, USA	33.46592000000004	-88.81287999999995
Czestochowa, Slaskie, Poland	50.81648000000007	19.094210000000032
Colegio Mayor Covarrubias, Madrid, Spain	40.4280135	-3.6971504999999865
Stadgevangenis, Enkhuizen, Noord-Holland, Netherlands	52.703940000000046	5.295530000000042
Les Trois Valles, Savoie, France	45.55171000000007	6.159340000000043
Ecole lmentaire, 44 rue Guy de Maupassant, Etretat, Seine-Maritime, France	49.70427998167816	0.20970994892957615
3940 Center St, Piru, California, USA	34.41535648514059	-118.7944335
Travada, Portugal	39.59313904600003	-8.519812989999934
Shree Khatu Shyamji, Jaipur, Rajasthan, India	26.84210281160204	75.79842389162256
Gruissan, Aude, France	43.11091000000005	3.0963400000000547
Orange Public Library - 348 Main Street, Orange, New Jersey, USA	40.77288000000004	-74.23148999999995
Yashwantrao Chavan Auditorium, Mumbai, Maharashtra, India	19.04569591043019	72.9128023311699
Patterson Lakes, Victoria, Australia	-38.07412999999997	145.14519000000007
The Gigs Place, Richmond Street South, Dublin, Dublin, Ireland	53.33104007660574	-6.2645200771825635
Aveyron, Midi-Pyrnes, France	44.351500051070495	2.572739963356317
Ellington, Texas, USA	29.88109800000001	-95.44883532711576
Marriott Marquis Hotel, Atlanta, Georgia, USA	33.76159000000007	-84.38600999999994
Ved Amagerbanen 27 - 29, Copenhagen, Denmark	55.665743363869765	12.62594371859293
The Midland Hotel, Bradford, West Yorkshire, England, UK	53.79552000000007	-1.7522199999999657
Avenue de Saissy, Cannes, Alpes-Maritimes, France	43.55939478788285	7.029747300502074
Hallsands, Devon, England, UK	50.23721000000006	-3.659379999999942
Worthing Town Hall, Worthing, West Sussex, England, UK	50.814410000000066	-0.3712799999999561
Pedernales River Valley, Texas, USA	30.13038196533645	-95.37565325691824
St. Paul, Alberta, Canada	53.99139000000008	-111.28162999999995
Lyons, Illinois, USA	41.82012000000003	-87.81594999999999
Hindenburgschleuse, Hannover, Lower Saxony, Germany	52.36139000000003	9.864040000000045
City Garden, Tel Aviv, Israel	32.02830000000006	34.86176000000006
Seacoast Film Production Studios, Shelburne, Nova Scotia, Canada	43.81931207100007	-65.36260429499998
Meridian, Mississippi, USA	32.365080000000034	-88.70307999999994
Torrington, Wyoming, USA	42.064640000000054	-104.18876999999998
Thule Air Base, Qaanaaq, Greenland	76.53111000000007	-68.70166999999998
Turkana District, Kenya	3.000000000000057	35.50000000000006
Rebello Chs, Kolbad, Thane, Maharashtra, India	19.203971506818604	72.9755637329535
Teatro Concha Espina, Torrelavega, Cantabria, Spain	43.35089000000005	-4.04798999999997
Exposition Boulevard, Los Angeles, California, USA	34.02039396707044	-118.32441748340918
Locust Valley Elementry School, Locust Valley, Long Island, New York, USA	40.87543000000005	-73.60167999999999
Moshi Township, Tanzania	-3.3448099999999386	37.34003000000007
Kensington, Maryland, USA	39.02627000000007	-77.07506999999998
San Isidro, Nueva Ecija, Philippines	15.307750000000055	120.89947000000006
Quai de Jemappes, Paris 10, Paris, France	48.87090000000006	2.3561000000000263
lexington Massachusetts, USA	42.44998000000004	-71.23116999999996
Rock Port, Missouri, USA	40.41292000000004	-95.51481999999999
Norwood, Massachusetts, USA	42.187220000000025	-71.20289999999994
The Ravenswood, Sharpthorne, West Sussex, England, UK	51.058080000000075	-0.03779999999994743
Regin de Coquimbo, Chile	-30.749999999999943	-70.99999999999994
Morton Freshman Center - 1801 S 55th Ct, Cicero, Illinois, USA	41.857380000000035	-87.76022999999998
The Sushi Bar, Alexandria, Virginia, USA	38.778664479470144	-77.09711879363385
Theodul Glacier, Valais, Switzerland	46.02671000000004	7.4819400000000655
Leisure Games - 100 Ballards Lane, Finchley, London, England, UK	NaN	NaN
Caf Keop's, Alicante, Spain	38.344080000000076	-0.4804799999999432
Kras, Yugoslavia	45.7421899489296	21.22826994503444
Follies Theater - 337 S. Main St, Los Angeles, California, USA	34.049036464297835	-118.24642740648694
The Grand Theatre, Grand Island, Nebraska, USA	40.92468000000008	-98.34279999999995
Noojee, Victoria, Australia	-37.916669999999954	146.0000000000001
Bedminster, Bristol, England, UK	51.44023000000004	-2.6091299999999364
Honolulu	21.30493000000007	-157.85787999999997
Crystal Cathedral - 12141 Lewis Street, Garden Grove, California, USA	33.78623992339437	-117.89750001009796
Drummond St, Carlton, Melbourne, Victoria, Australia	-37.78452442754052	144.97117307213148
Margonin, Wielkopolskie, Poland	52.97312000000005	17.095500000000072
Sprouts Farmers Market - 5130 Peachtree Pkwy, Peachtree Corners, Georgia, USA	33.98187000000007	-84.21457999999996
Englehart, Ontario, Canada	47.81686000000008	-79.86639999999994
Panchagarh, Bangladesh	26.342580000000055	88.55692000000005
Welwyn Garden City, Hertfordshire, England, UK	51.80143000000004	-0.20572999999996
Bhaktapur, Nepal	27.67471000000006	85.42955000000006
Nogales, Badajoz, Extremadura, Spain	38.58806000000004	-6.749529999999936
Acilia, Rome, Lazio, Italy	41.78340000000003	12.365110000000072
The Grocer's Institute, Letchmore Heath Road, Letchmore Heath, England, UK	53.194240000000036	-1.3301199999999653
Montemarcello, La Spezia, Liguria, Italy	44.044340000000034	9.965600000000052
Malagn, Ciudad Real, Castilla-La Mancha, Spain	39.16728000000006	-3.854319999999973
Thrifty - 11321 National Boulevard - Los Angeles, California, USA	34.025859342126935	-118.43235316229816
Joyce Grove, Nettlebed, Oxfordshire, England, UK	51.573675968295646	-0.988339889034747
Inani Beach, Cox's Bazar, Chittagong, Bangladesh	21.110840000000053	92.11487000000005
Banning St, Los Angeles, California, USA	34.04934027991318	-118.233753782369
Cobungra Station, Mount Hotham, Victoria, Australia	-36.982917	147.1434345
Mt. Olympus Park, Wisconsin Dells, Wisconsin, USA	43.61409000000003	-89.78862999999996
Roslyn Lake, Sandy, Oregon, USA	45.420939113930785	-122.2363116455706
Niijima, Japan	NaN	NaN
Castel Rigone, Italy	43.19786000000005	12.223460000000046
San Lorenzo Stadium, Flores, Autonomous City of Buenos Aires, Argentina	-34.62866999999994	-58.461959999999976
Folegandros, Greece	36.63333000000006	24.916670000000067
West Berkshire, UK	51.45051248200008	-1.0718201319999707
Euclid Avenue & 15th Street, Miami Beach, Florida, USA	25.787484000000003	-80.135334
East Smithfield, Wapping, London, England, UK	51.50850114731849	-0.06980870984309785
Eschborn, Hessen, Germany	50.140900000000045	8.571770000000072
Monte Perdido, Huesca, Aragn, Spain	42.413022000000005	0.14859674999999528
Lake Alta, The Remarkables, South Island, New Zealand	-45.14999999999998	168.83333000000005
Boyd, Texas, USA	33.07857000000007	-97.56075999999996
North Side, Pittsburgh, Pennsylvania, USA	40.45706000000007	-80.00715999999994
Hessstrasse, Maxvorstadt, Mnchen, Oberbayern, Bayern, Germany	48.15417041275033	11.558197555373852
Debica, Podkarpackie, Poland	50.03637000000003	21.41375000000005
South 20th Street, Weirton, West Virginia, USA	40.419825370832164	-80.56434031256835
Helvetia, Oregon, USA	45.59636000000006	-122.91658999999999
King Arthur's Castle Hotel, Tintagel, Cornwall, England, UK	50.66358000000008	-4.751859999999965
Moody, Texas, USA	31.308350000000075	-97.36109999999996
Hiekka Art Museum, Tampere, Finland	61.49286000000001	23.727573000000014
Ferrara, Emilia-Romagna, Italy	44.83839000000006	11.619440000000054
Hala, Sindh, Pakistan	27.156480000000045	68.31800000000004
Boulevard du Val d'Esquires, Roquebrune-sur-Argens, Var, France	43.34397835348449	6.683311784494823
L'Ermitage Beverly Hills - 9291 Burton Way, Beverly Hills, California, USA	34.07240005886076	-118.39537002553521
le Rousseau, Geneva, Canton de Genve, Switzerland	46.16667000000007	6.166670000000067
Sepulcros de Alapraia Cascais, Portugal	38.707520000000045	-9.375459999999975
Two Boats, Ascension Island	-7.949999999999932	-14.366669999999942
Ustronie Morskie, Poland	54.21533000000005	15.757040000000075
Hall Barn, Beaconsfield, Buckinghamshire, England, UK	51.59764000000007	-0.6344499999999584
Hilsbach, Sinsheim, Baden-Wrttemberg, Germany	49.19586000000004	8.862360000000024
Panxon, Spain	42.150000000000034	-8.833329999999933
San Salvatore in Lauro, Rome, Lazio, Italy	41.90082000000007	12.469210000000032
Balls Park, Hertford, Hertfordshire, England, UK	51.79278000000005	-0.06105999999994083
Lunano, Italy	43.730020000000025	12.44491000000005
Sherwood Forest, Lake Sherwood, California, USA	34.13228781623912	-118.81539698008031
Slawnikowice, Poland	51.182930000000056	15.170810000000074
Nasik, Maharashtra, India	19.983330000000024	73.80000000000007
Chotkova Street, Mal Strana, Prague, Czech Republic	50.09490760306702	14.408432530670234
World Trade Exchange, Juna Luna Street, Binondo, Manila, Metro Manila, Philippines	14.597510000000057	120.97513000000004
Santada do Acarau, Cear, Brazil	-3.4609499999999684	-40.20759999999996
Torres Vedras, Portugal	39.091720000000066	-9.256899999999973
Wallace, Idaho, USA	47.47202000000004	-115.92390999999998
Kruzberk, Czech Republic	49.831270000000075	17.68339000000003
San Gabriel de Barrera, Guanajuato, Mexico	21.01058000000006	-101.27330999999998
425 W 11th St, Los Angeles, California, USA	34.04205609660098	-118.26270794281271
Bank Place, Melbourne, Victoria, Australia	-37.8583335	144.98443350000002
Hamina, Finland	60.57098000000008	27.189440000000047
Bridgeville, Delaware, USA	38.74288000000007	-75.60376999999994
Puerto Rico	18.22260649800006	-66.46895343099999
Jackson Hole Airport, Jackson, Wyoming, USA	43.60352000000006	-110.73583999999994
Vista Village Pub, 224 Main St, Vista, California, USA	33.202440026112185	-117.24193004053883
Jaipur, Rajasthan, India	26.92557000000005	75.80637000000007
Prventorium marin Gai Sjour, Klemskerke, De Haan, Belgium	51.24330000000003	3.022950000000037
Calascio, L'Aquila, Abruzzo, Italy	42.32434000000006	13.694210000000055
Boyneburg, Wichmannshausen, Sontra, Hessen, Germany	51.1068538995354	9.970450330337433
Baslica de Sant Just i Pastor, Barcelona, Catalonia, Spain	41.38294997446485	2.1782599744648246
Talojuak, Northwest Territories, Canada	63.69228934600005	-119.24044499999997
Duns Tew, Oxfordshire, England, UK	51.953490000000045	-1.3334499999999707
Angaston, South Australia, Australia	-34.500269999999944	139.05055000000004
Chiltern Open Air Museum, Chalfont St. Giles, Buckinghamshire, England, UK	51.63184000000007	-0.570259999999962
Great American Disaster, Lisbon, Portugal	38.725700000000074	-9.150249999999971
El Naranjo, San Luis Potosi, Mexico	22.522940000000062	-99.32362999999998
Los Alares, Toledo, Castilla-La Mancha, Spain	39.485870000000034	-4.724889999999959
Washington Court House, Ohio, USA	39.53535000000005	-83.44046999999995
Pszczonw, Ldzkie, Poland	51.963760000000036	19.954150000000027
1 Avenida de Otero, Tubac, AZ 85646, USA	31.62411484957055	-111.05376075
Rancagua, Chile	-34.154799999999966	-70.74043999999998
1213 E. 7th St. Bloomington, Indiana, USA	39.168618797167845	-86.51860193617965
Friern Barnet Lane, North Finchley, London, England, UK	51.614856955347385	-0.15892845509818015
Cesk Brza, Czech Republic	49.738854038000056	15.331770280000057
Otisfield, Maine, USA	44.09060000000005	-70.53633999999994
Hillsboro High School - 3812 Hillsboro Park, Nashville, Tennessee, USA	36.107479968838916	-86.81253995152751
Ritz Carlton Hotel, Marina del Rey, California, USA	33.98457999942315	-118.45059999220966
Randall's Island, East River, New York City, New York, USA	40.79528356910954	-73.92131900638383
Regency Apartments, 2255 S 200 E, Salt Lake, Utah, USA	40.721993999999995	-111.8853767490625
Dysart, Fife, Scotland, UK	56.12557000000004	-3.12537999999995
Tavistock Street, Royal Leamington Spa, Warwickshire, England, UK	52.29274771592973	-1.5370308537406148
Fakenham, Norfolk, England, UK	52.834700000000055	0.8502300000000673
Voie Georges Pompidou, Paris 4, Paris, France	48.857894991315554	2.3438448277902175
Codemasters, Leamington Spa, Warwickshire, England, UK	52.28920000000005	-1.5352999999999497
Raimundtheater, Vienna, Austria	48.19210003664379	16.339420019475764
Rue de l'Echaud, Paris 6, Paris, France	48.85414463852031	2.336181766544381
Hollywood Stages, 6650 Santa Monica Boulevard, Hollywood, California, USA	34.090688495672175	-118.33488
Kribarigde, Chiriqu, Panama	8.488246598000046	-82.40448857999996
Snart, Essonne, France	48.638191500000005	2.5415032500000048
St Lukes Church, Sydney Street, Chelsea, London, England UK	51.489580000000046	-0.16975999999993974
Monkton, Maryland, USA	39.578160000000025	-76.61462999999998
Photographic Building, Edison Laboratories, West Orange, New Jersey, USA	40.80998000000005	-74.25906999999995
Monterey Village, 6126 E Speedway Blvd, Tucson, Arizona, USA	32.23575003505632	-110.86018003289183
Villamanrique de la Condesa's roads, Villamanrique de la Condesa, Sevilla, Andaluca, Spain	37.246320000000026	-6.306649999999934
Australiana Pioneer Village, Wilberforce, New South Wales, Australia	-33.55782999999997	150.83724000000007
Wittenham, Oxfordshire, England, UK	51.63333000000006	-1.216669999999965
le de la Camargue, Bouches-du-Rhne, France	43.62387000000007	4.526080000000036
Niue	-19.052283097999975	-169.85845946899997
Niedersee, East Prussia, Germany	50.5103800477523	7.298000048329211
U-Bahn Rudolfplatz, Hohenzollernring, Cologne, Germany	50.94064980527518	6.939992701318796
Villa Arabesque, Acapulco, Guerrero, Mexico	16.876280000000065	-99.89630999999997
Kumbali Country Lodge, Lilongwe, Malawi	-13.914429999999982	33.78412000000003
Place de la Chapelle, Paris 18, Paris, France	48.884895	2.359298378107065
Shibuya Crossing, Shibuya, Tokyo, Japan	35.66181034900006	139.7040407170001
Massacre Valley, Blue Ridge Mountains, North Carolina, USA	35.71236000000005	-79.95197999999993
Jozdan Kharabeh, Iran	36.706300000000056	45.26410000000004
Podgrze, Krakw, Malopolskie, Poland	50.04034000000007	20.004590000000064
Nusa Lembongan, Klungkung, Bali, Indonesia	-8.666169999999966	115.44913000000008
Calgary International Airport - 2000 Airport Road NE, Calgary, Alberta, Canada	51.13420000000008	-114.00762999999995
Barcelona, Serra, ES, Brazil	-20.17232999999993	-40.25233999999995
Cheshire Motor Inn, 1865 Cheshire Bridge Rd, Atlanta, Georgia, USA	33.809399987160766	-84.36176998441941
Betty Davis Picnic Area, Glendale, California, USA	34.146330000000034	-118.24863999999997
Mount Holyoke College, South Hadley, Massachusetts, USA	42.25652000000008	-72.57633999999996
Muse d'Art Contemporain - 69 Avenue de Hafa, Marseille, Bouches-du-Rhne, France	NaN	NaN
Dolores, Buenos Aires, Argentina	-36.31576999999993	-57.675329999999974
Gare SNCF, 33 Avenue de la Gare, Lourdes, Hautes-Pyrnes, France	47.99401000000006	-4.091959999999972
Peggy's Cove, Nova Scotia, Canada	44.493660000000034	-63.91417999999999
The Little Theater L.A., Los Angeles, California, USA	33.73716005107047	-118.28359000115381
Tingha Close, Hinchinbrook New South Wales, Australia	-33.92372630166262	150.84947284916868
Prospect, South Australia, Australia	-34.88629999999995	138.59396000000004
Camogli, Genoa, Liguria, Italy	44.356610000000046	9.151400000000024
St Michael's, Betchworth, Reigate, Surrey, England, UK	51.23595000000006	-0.2048899999999776
Film LA & Building Bridge Art Gallery, Santa Monica California, USA	34.01158000000004	-118.49226999999996
Vaughn Street Park - NW 24th and NW Vaughn Streets, Portland, Oregon, USA	NaN	NaN
Carlton House Terrace, St. James's, London, England, UK	51.50639699999395	-0.13183650001714822
Sky Tower, Floreasca, Bucharest, Romania	44.47822992281744	26.105109984419506
Steel Industry Halyvourgiki, Athens, Greece	37.97614000000004	23.73640000000006
Units 19-22, Lavenham Road, Beeches Industrial Estate, Yate, Gloucestershire, England, UK	51.77991413900003	-2.182278806999932
Guildford Road, Chertsey, Surrey, England, UK	51.37460536725434	-0.5250996400144611
Chitranjali Studio, Trivendrum, Kerala, India	8.441483755681254	76.95915405198969
Mount Pilion, Greece	.033330000000035
Gorno-Altaysk, Altai Republic, Russia	51.958740000000034	85.95932000000005
Evesham, New Jersey, USA	40.20654642565939	-74.25088819617156
Monkey Kingdom Productions, Los Angeles, California, USA	34.05349000000007	-118.24531999999999
Concert Hall, Snape Maltings, Snape, Suffolk, England, UK	52.16411000000005	1.4960100000000693
Rue Payenne, Paris 3, Paris, France	48.85796758097993	2.3622754675339284
Elbert, Colorado, USA	39.216180000000065	-104.53660999999994
Gateholm Island, Pembrokeshire, Wales, UK	51.71861000000007	-39.400000000000034	235.229719999999929
Cobalt, Ontario, Canada	47.39278000000007	-79.68879999999996
Maastricht, Netherlands	50.84981000000005	5.688290000000052
100 Glenoaks Boulevard, Glendale, California, USA	34.1591261406892	-118.2547571606845
DeSoto Caverns, Childersburg, Alabama, USA	33.29543654239423	-86.30582933883902
Rhyl Promenade, North Wales, Wales, UK	53.19364000000007	-3.4155499999999392
Stockport, Cheshire, England, UK	53.408390000000054	-2.161489999999958
Altamira caves, Altamira, Santander, Cantabria, Spain	43.463550043857126	-3.7895499744647076
Baffin Island, Nunavut, Canada	72.23384000000004	-88.82445999999999
Bandol, Var, France	43.13620000000003	5.753320000000031
The Bata Shoe Museum - 327 Bloor Street West, Toronto, Ontario, Canada	43.667399984996436	-79.40021997056962
Fallon & Byrne, 11-17 Exchequer Street, Dublin, Ireland	53.34305000000006	-6.263289999999927
Overworks Ltd, Tokyo, Japan	35.68945633100003	139.6917160900001
